transformed_feature,raw_feature,is_missing_indicator,gain,gain_share,split_count,mean_abs_shap_log_odds,shap_share
numeric__EXT_SOURCE_MEAN,EXT_SOURCE_MEAN,False,147271.45757961273,0.23778315155226679,466,0.3918872516292937,0.12568414188036456
numeric__EMPLOYMENT_YEARS,EMPLOYMENT_YEARS,False,12002.61821269989,0.01937931784203042,453,0.09595612107058625,0.03077457274964721
numeric__AMT_ANNUITY,AMT_ANNUITY,False,10005.397147655487,0.01615462293510247,483,0.09547105507064672,0.030619004780277768
numeric__EXT_SOURCE_MAX,EXT_SOURCE_MAX,False,27488.724848508835,0.04438304430509274,359,0.09503145347786121,0.030478017930798025
numeric__CREDIT_TO_ANNUITY,CREDIT_TO_ANNUITY,False,18665.89742255211,0.030137787651666463,725,0.09110649670390976,0.02921922519895827
categorical__NAME_EDUCATION_TYPE,NAME_EDUCATION_TYPE,False,6602.092536449432,0.010659678365089846,139,0.08406446109162508,0.02696073835270025
numeric__PREV_CREDIT_TO_APPLICATION_MEAN,PREV_CREDIT_TO_APPLICATION_MEAN,False,10197.103684902191,0.016464150560813996,339,0.06831597511697159,0.02190996179028317
numeric__INST_PAID_SUM,INST_PAID_SUM,False,7708.310654163361,0.012445768043682446,280,0.06689487865668178,0.021454194759336975
numeric__PREV_HIGH_YIELD_COUNT,PREV_HIGH_YIELD_COUNT,False,3038.7099232673645,0.0049062733138025665,168,0.05504356763045247,0.01765330087902788
numeric__CREDIT_TO_GOODS,CREDIT_TO_GOODS,False,8126.803742408752,0.01312146316520344,287,0.054496180883966794,0.01747774570793541
numeric__EXT_SOURCE_MIN,EXT_SOURCE_MIN,False,23126.614185333252,0.0373400202326996,374,0.051926273731732024,0.016653537791505465
numeric__POS_INSTALLMENT_COUNT_MAX,POS_INSTALLMENT_COUNT_MAX,False,3465.589776277542,0.005595509629183342,182,0.0493917464564906,0.015840676734309275
numeric__POS_FUTURE_INSTALLMENTS_MEAN,POS_FUTURE_INSTALLMENTS_MEAN,False,6577.3401918411255,0.010619713455351044,338,0.04852186546670799,0.015561692803894793
numeric__DOWN_PAYMENT_RATE,DOWN_PAYMENT_RATE,False,6146.362581253052,0.009923860937977138,173,0.045910677152446594,0.014724245397270741
numeric__INST_RECENT_12M_LATE_COUNT,INST_RECENT_12M_LATE_COUNT,False,4520.438403129578,0.007298658596578234,142,0.04586826122510355,0.014710641970754551
numeric__POS_LATEST_MONTH,POS_LATEST_MONTH,False,3370.7956902980804,0.005442455962959336,204,0.04473786181313076,0.014348105859959442
numeric__INST_RECENT_24M_LATE_COUNT,INST_RECENT_24M_LATE_COUNT,False,5507.464836597443,0.008892302469414274,132,0.04146968924882993,0.013299953712745283
numeric__BUREAU_DEBT_TO_CREDIT,BUREAU_DEBT_TO_CREDIT,False,7479.934592962265,0.012077034139204492,291,0.040417340392642394,0.012962449590325324
numeric__missingindicator_EXT_SOURCE_1,EXT_SOURCE_1,True,2584.3468403816223,0.004172662826249873,82,0.03936170753122771,0.012623892237984801
numeric__PREV_REFUSAL_RATE,PREV_REFUSAL_RATE,False,7786.14767408371,0.012571442985781067,246,0.03881039098595474,0.012447076721253916
numeric__POS_ACTIVE_MONTH_COUNT,POS_ACTIVE_MONTH_COUNT,False,3888.12064409256,0.006277724112752612,159,0.03735625811095359,0.011980714414711139
numeric__PREV_ANNUITY_MEAN,PREV_ANNUITY_MEAN,False,3485.1220450401306,0.005627046252094971,260,0.03707081800008488,0.011889169473548556
numeric__EXT_SOURCE_3,EXT_SOURCE_3,False,15150.431948900223,0.024461749176619505,322,0.03650526649783591,0.011707788591792924
categorical__NAME_INCOME_TYPE,NAME_INCOME_TYPE,False,2775.8272910118103,0.004481825414573418,89,0.03545941523094624,0.011372368344088966
numeric__OWN_CAR_AGE,OWN_CAR_AGE,False,2668.009690761566,0.004307744101047704,140,0.033871109157239496,0.010862974672599906
numeric__AMT_GOODS_PRICE,AMT_GOODS_PRICE,False,5240.364693403244,0.008461045015508485,251,0.03255371293297466,0.010440465868665184
numeric__INST_LATE_PAYMENT_RATE,INST_LATE_PAYMENT_RATE,False,5201.754661083221,0.008398705609642098,185,0.03207733440197684,0.01028768410138451
numeric__INST_LATE_DAYS_MEAN,INST_LATE_DAYS_MEAN,False,4764.585028171539,0.007692855509526856,217,0.029707851273486883,0.009527755186968146
numeric__EXT_SOURCE_2,EXT_SOURCE_2,False,6234.307625055313,0.010065856203199521,302,0.02953272254994321,0.009471588768576941
numeric__BUREAU_DAYS_SINCE_CREDIT_MIN,BUREAU_DAYS_SINCE_CREDIT_MIN,False,7254.319155454636,0.011712757512551249,436,0.029341752557792415,0.009410341816836145
numeric__CC_DRAWINGS_MEAN,CC_DRAWINGS_MEAN,False,4571.53271818161,0.007381155011424328,165,0.028124113395095948,0.009019826604495945
numeric__INST_UNIQUE_NUMBER_COUNT,INST_UNIQUE_NUMBER_COUNT,False,2815.188547372818,0.004545377739921442,216,0.02705927735647614,0.008678317654662034
numeric__PREV_PAYMENT_COUNT_MAX,PREV_PAYMENT_COUNT_MAX,False,2391.7907366752625,0.0038617634982849014,100,0.02670149843442304,0.008563572567614237
numeric__CC_UTILIZATION_MAX,CC_UTILIZATION_MAX,False,5190.780551433563,0.008380986912340788,212,0.026154971363601606,0.008388293107450633
numeric__ID_AGE_YEARS,ID_AGE_YEARS,False,5343.875503063202,0.008628172624246696,447,0.02459828533968131,0.007889040462001846
numeric__FLAG_WORK_PHONE,FLAG_WORK_PHONE,False,1473.659211397171,0.002379356715544289,83,0.02436450938873146,0.007814064994784577
numeric__BUREAU_DEBT_MEAN,BUREAU_DEBT_MEAN,False,2907.5830879211426,0.004694557121988246,185,0.02396860810394336,0.007687093492034608
numeric__APPLICATION_MISSING_COUNT,APPLICATION_MISSING_COUNT,False,4290.680474996567,0.006927693542361581,335,0.023275586802836038,0.0074648311265905765
numeric__FLAG_DOCUMENT_3,FLAG_DOCUMENT_3,False,2099.2448210716248,0.0033894215324401485,52,0.02240638853366747,0.007186066154956109
numeric__AMT_CREDIT,AMT_CREDIT,False,4450.840501070023,0.007186286458995494,254,0.022401743360732956,0.007184576378057949
numeric__REGISTRATION_YEARS,REGISTRATION_YEARS,False,4660.310562849045,0.00752449490932429,363,0.021472276384488342,0.006886482324654174
numeric__INST_PAYMENT_RATIO,INST_PAYMENT_RATIO,False,3724.9442212581635,0.006014260949433182,184,0.021124874479298547,0.006775065303151555
numeric__PREV_DOWN_PAYMENT_MEAN,PREV_DOWN_PAYMENT_MEAN,False,3267.8542535305023,0.005276247658497619,213,0.02052806282427782,0.006583658819746895
numeric__EXT_SOURCE_STD,EXT_SOURCE_STD,False,7049.812313079834,0.011382562630983004,267,0.02037774553802103,0.006535449802856392
numeric__POS_MONTH_COUNT,POS_MONTH_COUNT,False,3250.2393040657043,0.005247806721828616,163,0.019644205774513375,0.006300192556471668
numeric__PREV_PAYMENT_COUNT_MEAN,PREV_PAYMENT_COUNT_MEAN,False,3837.6712641716003,0.006196269004284099,240,0.01954386751508287,0.006268012565972202
numeric__DEF_30_CNT_SOCIAL_CIRCLE,DEF_30_CNT_SOCIAL_CIRCLE,False,1489.9532234668732,0.002405664878748758,71,0.018736459745491346,0.00600906473787433
numeric__INST_DAYS_SINCE_DUE_MIN,INST_DAYS_SINCE_DUE_MIN,False,3527.344452381134,0.00569521816570722,266,0.01842030865433778,0.005907670322947651
numeric__INST_DUE_SUM,INST_DUE_SUM,False,2782.8356008529663,0.0044931409676919444,161,0.018275180172564295,0.005861125433777958
numeric__AMT_REQ_CREDIT_BUREAU_QRT,AMT_REQ_CREDIT_BUREAU_QRT,False,851.1905846595764,0.0013743245508557346,66,0.017284364350126546,0.0055433558817273715
numeric__INST_PAID_MEAN,INST_PAID_MEAN,False,4057.084011077881,0.006550530823292113,204,0.017248812447319076,0.0055319538512249924
numeric__INST_VERSION_MEAN,INST_VERSION_MEAN,False,3069.288191795349,0.004955644707140377,229,0.016531972396105606,0.005302052454005091
numeric__CC_DRAWING_COUNT_SUM,CC_DRAWING_COUNT_SUM,False,1435.9257864952087,0.002318432672016038,121,0.015842119148998038,0.00508080613117723
numeric__CC_UTILIZATION_MEAN,CC_UTILIZATION_MEAN,False,4747.736252069473,0.007665651629377968,138,0.0156863020428144,0.005030833239230499
numeric__ANNUITY_TO_INCOME,ANNUITY_TO_INCOME,False,4075.4388012886047,0.006580166300078423,279,0.01560257427357758,0.005003980483024892
numeric__INST_DAYS_SINCE_DUE_MAX,INST_DAYS_SINCE_DUE_MAX,False,3439.135384082794,0.0055527966089427,185,0.015252679475899589,0.004891763953368138
numeric__INST_LATE_DAYS_MAX,INST_LATE_DAYS_MAX,False,1765.6979990005493,0.002850879877147379,113,0.01463577553191408,0.004693913570381515
numeric__BUREAU_DAYS_SINCE_CREDIT_MEAN,BUREAU_DAYS_SINCE_CREDIT_MEAN,False,3850.4179105758667,0.006216849623254956,287,0.014449392779459034,0.0046341378154769585
numeric__PREV_DAYS_SINCE_DECISION_MIN,PREV_DAYS_SINCE_DECISION_MIN,False,3094.91432929039,0.004997020434900717,246,0.014113266956836184,0.004526337203427076
numeric__EXT_SOURCE_COUNT,EXT_SOURCE_COUNT,False,1037.3718729019165,0.0016749311599428519,30,0.013838181083188003,0.004438113022035262
numeric__BUREAU_CREDIT_SUM,BUREAU_CREDIT_SUM,False,3084.524975538254,0.0049802458791356335,226,0.01294908395917263,0.0041529661880528234
numeric__BUREAU_ACTIVE_COUNT,BUREAU_ACTIVE_COUNT,False,2384.026590824127,0.003849227579241686,140,0.012880239074789322,0.00413088659709753
numeric__EXT_SOURCE_1,EXT_SOURCE_1,False,3667.2543444633484,0.0059211154007818585,201,0.012784835705216059,0.0041002893000753405
numeric__PREV_APPROVAL_RATE,PREV_APPROVAL_RATE,False,3338.5150117874146,0.005390335873998023,163,0.012366407427259859,0.0039660930514483226
numeric__missingindicator_BUREAU_LIMIT_SUM,BUREAU_LIMIT_SUM,True,669.6312983036041,0.0010811805838384625,27,0.012206096117964676,0.003914678800898671
numeric__DEF_60_CNT_SOCIAL_CIRCLE,DEF_60_CNT_SOCIAL_CIRCLE,False,1120.3755419254303,0.0018089481265376377,64,0.012149207948107265,0.003896433908312993
numeric__BUREAU_ACTIVE_RATE,BUREAU_ACTIVE_RATE,False,2195.9009833335876,0.003545481690038388,148,0.01211642565586998,0.0038859201336199287
numeric__BUREAU_CREDIT_MAX,BUREAU_CREDIT_MAX,False,3284.574219226837,0.005303243562540811,233,0.011957594896731778,0.0038349807177968914
numeric__PHONE_CHANGE_YEARS,PHONE_CHANGE_YEARS,False,3342.879677295685,0.005397383023099993,296,0.01166836030899405,0.003742218830772496
categorical__NAME_CONTRACT_TYPE,NAME_CONTRACT_TYPE,False,603.4489421844482,0.0009743231555641473,31,0.010874210957112204,0.0034875231768538156
numeric__BUREAU_DEBT_MAX,BUREAU_DEBT_MAX,False,2501.340936899185,0.004038642251918099,196,0.010628236551199136,0.00340863548146902
numeric__INST_PAYMENT_COUNT,INST_PAYMENT_COUNT,False,2071.1244506835938,0.003344018639010725,156,0.010237117879903833,0.0032831978348735673
numeric__POS_DPD_DEF_MAX,POS_DPD_DEF_MAX,False,1402.7528893947601,0.0022648720150611787,73,0.010204026106594755,0.0032725848049412103
numeric__BUREAU_CREDIT_MEAN,BUREAU_CREDIT_MEAN,False,2938.5073392391205,0.004744487135981678,235,0.009962457270060988,0.0031951100419869284
numeric__PREV_ANNUITY_TO_CREDIT_MEAN,PREV_ANNUITY_TO_CREDIT_MEAN,False,2692.902030944824,0.004347935046364358,228,0.009921893173895559,0.0031821005256107045
numeric__POS_OLDEST_MONTH,POS_OLDEST_MONTH,False,1792.9256291389465,0.002894841360316022,108,0.009804519850989617,0.0031444571337735164
numeric__YEARS_BEGINEXPLUATATION_MODE,YEARS_BEGINEXPLUATATION_MODE,False,831.089373588562,0.001341869318884534,66,0.009631519521768106,0.0030889733234866885
numeric__missingindicator_BB_CLOSED_MONTHS,BB_CLOSED_MONTHS,True,350.5854682922363,0.0005660520980033778,24,0.009397612930665645,0.0030139559580055486
numeric__POS_DPD_DEF_MEAN,POS_DPD_DEF_MEAN,False,2477.309302330017,0.003999840994031993,92,0.009392002954334594,0.0030121567541319706
numeric__CREDIT_TO_INCOME,CREDIT_TO_INCOME,False,2948.4128675460815,0.004760480511597901,233,0.009185875325893154,0.0029460485202182944
numeric__PREV_DAYS_SINCE_DECISION_MEAN,PREV_DAYS_SINCE_DECISION_MEAN,False,2954.5746784210205,0.004770429315209898,218,0.009121717967510266,0.0029254722894270667
numeric__BUREAU_CLOSED_COUNT,BUREAU_CLOSED_COUNT,False,998.1171350479126,0.001611550818404253,67,0.009009408757276073,0.002889453034769356
categorical__FLAG_OWN_CAR,FLAG_OWN_CAR,False,351.06857347488403,0.0005668321152229338,27,0.008996486068651941,0.0028853085339626606
numeric__PREV_CREDIT_MAX,PREV_CREDIT_MAX,False,1919.3102703094482,0.003098900848686866,161,0.008918897519118384,0.0028604247179484263
numeric__FLAG_PHONE,FLAG_PHONE,False,254.70393896102905,0.00041124265566659126,34,0.008899283555972583,0.002854134224658318
numeric__BUREAU_DAYS_SINCE_CREDIT_MAX,BUREAU_DAYS_SINCE_CREDIT_MAX,False,2634.888216495514,0.0042542664709320265,236,0.008740171924875742,0.0028031047289693166
numeric__BUREAU_RECENT_24M_COUNT,BUREAU_RECENT_24M_COUNT,False,1861.0545196533203,0.00300484164526268,101,0.008577215161103163,0.00275084204133861
numeric__BB_MONTHS_OBSERVED,BB_MONTHS_OBSERVED,False,1215.1283876895905,0.001961935206686336,115,0.008576685650437819,0.002750672219295883
numeric__AMT_INCOME_TOTAL,AMT_INCOME_TOTAL,False,1902.1976552009583,0.0030712709764857435,175,0.008570131721644308,0.0027485702756553775
numeric__CC_BALANCE_MAX,CC_BALANCE_MAX,False,1238.0664880275726,0.001998970854181296,84,0.008118367636954154,0.0026036827319024587
numeric__PREV_DAYS_SINCE_DECISION_MAX,PREV_DAYS_SINCE_DECISION_MAX,False,2420.7947754859924,0.003908593154686118,184,0.00755554876791685,0.002423178246760531
numeric__BUREAU_DEBT_SUM,BUREAU_DEBT_SUM,False,1721.987864971161,0.0027803058935996073,120,0.006755667381987874,0.002166644243221016
numeric__ELEVATORS_AVG,ELEVATORS_AVG,False,442.37586212158203,0.0007142560302905737,32,0.006662848475332151,0.002136875822368343
numeric__POS_RECENT_12M_DPD_COUNT,POS_RECENT_12M_DPD_COUNT,False,1343.4098451137543,0.002169057277271847,62,0.006646982092699077,0.0021317872345725094
numeric__missingindicator_OWN_CAR_AGE,OWN_CAR_AGE,True,527.2984566688538,0.0008513712765257751,25,0.0066054239182543285,0.002118458902325194
numeric__PREV_MIDDLE_YIELD_COUNT,PREV_MIDDLE_YIELD_COUNT,False,496.0311818122864,0.0008008874198570354,64,0.0063671341544473065,0.0020420357873643354
numeric__CC_LIMIT_MEAN,CC_LIMIT_MEAN,False,1041.2559652328491,0.0016812023799779349,82,0.00626435818656075,0.002009073987060699
numeric__missingindicator_EXT_SOURCE_3,EXT_SOURCE_3,True,666.068452835083,0.0010754280460560433,34,0.006070961461423358,0.0019470487455140332
numeric__BUREAU_LIMIT_SUM,BUREAU_LIMIT_SUM,False,1171.2538719177246,0.0018910958138771477,109,0.006022676210015237,0.0019315629384012059
numeric__POS_CONTRACT_COUNT,POS_CONTRACT_COUNT,False,1234.5820717811584,0.001993344947505222,38,0.005903142836070869,0.0018932267856741096
categorical__WALLSMATERIAL_MODE,WALLSMATERIAL_MODE,False,235.7025797367096,0.00038056323445088866,29,0.00586753446132772,0.001881806643771712
numeric__FLAG_EMP_PHONE,FLAG_EMP_PHONE,False,609.7872428894043,0.000984556918045215,29,0.005744282912051756,0.0018422780162346557
numeric__LANDAREA_AVG,LANDAREA_AVG,False,907.0159385204315,0.001464459657791705,83,0.0055832644675841,0.0017906369767885138
numeric__CC_PAYMENT_TOTAL_SUM,CC_PAYMENT_TOTAL_SUM,False,974.2513127326965,0.0015730172794703376,73,0.005503660671794122,0.0017651068409581516
numeric__EMPLOYMENT_SENTINEL,EMPLOYMENT_SENTINEL,False,1122.0365419387817,0.0018116299620025277,27,0.005408292751104847,0.0017345209129267785
numeric__PREV_APPLICATION_AMOUNT_MAX,PREV_APPLICATION_AMOUNT_MAX,False,1578.474979877472,0.002548591298886044,117,0.005176974609876892,0.0016603337022922816
numeric__APARTMENTS_MODE,APARTMENTS_MODE,False,1005.5758810043335,0.0016235936415642447,88,0.0047884935286215576,0.0015357419705343937
numeric__PREV_CREDIT_SUM,PREV_CREDIT_SUM,False,2180.766022205353,0.003521044919907643,149,0.004735416506841357,0.0015187193705179984
numeric__INST_SHORT_PAYMENT_RATE,INST_SHORT_PAYMENT_RATE,False,2091.024730205536,0.0033761494487362987,136,0.004436548159017213,0.0014228677915872996
numeric__BB_CLOSED_MONTHS,BB_CLOSED_MONTHS,False,572.4200193881989,0.0009242241399570285,53,0.004354981941181391,0.0013967082774604667
numeric__PREV_DOWN_PAYMENT_RATE_MEAN,PREV_DOWN_PAYMENT_RATE_MEAN,False,1474.2451004981995,0.0023803026867405567,140,0.004104763511766969,0.001316459459840462
numeric__PREV_APPLICATION_AMOUNT_MEAN,PREV_APPLICATION_AMOUNT_MEAN,False,1741.6043901443481,0.002811978556142947,151,0.004036419576183316,0.0012945405307075392
numeric__CC_OLDEST_MONTH,CC_OLDEST_MONTH,False,883.8708865642548,0.0014270898681024466,55,0.004019862305716543,0.0012892303647813815
numeric__INST_LATE_DAYS_SUM,INST_LATE_DAYS_SUM,False,1270.180103778839,0.0020508212051357348,101,0.004019812661011338,0.001289214442976968
numeric__POS_INSTALLMENT_COUNT_MEAN,POS_INSTALLMENT_COUNT_MEAN,False,1932.0371675491333,0.003119449580836802,165,0.003985276198426873,0.0012781380794426476
numeric__PREV_CREDIT_MEAN,PREV_CREDIT_MEAN,False,1317.2561202049255,0.002126829711687453,116,0.003973688610148152,0.001274421765418093
numeric__BB_DELINQUENT_MONTH_RATE,BB_DELINQUENT_MONTH_RATE,False,943.8101172447205,0.0015238672030121303,81,0.003966607854673673,0.0012721508605290602
numeric__PREV_ANNUITY_MAX,PREV_ANNUITY_MAX,False,1714.2558608055115,0.0027678218702284836,130,0.0039033144840578985,0.0012518517236230083
numeric__INST_SHORTFALL_MEAN,INST_SHORTFALL_MEAN,False,1311.97208070755,0.002118298149731985,102,0.0038977829743942365,0.0012500776851910617
numeric__BUREAU_RECENT_12M_COUNT,BUREAU_RECENT_12M_COUNT,False,1026.469081401825,0.0016573276122750522,70,0.003603410153886733,0.0011556678895557942
numeric__PREV_RECENT_12M_COUNT,PREV_RECENT_12M_COUNT,False,694.0046143531799,0.0011205335175249822,57,0.0034942118998655424,0.0011206463653943754
numeric__missingindicator_BUREAU_DEBT_TO_CREDIT,BUREAU_DEBT_TO_CREDIT,True,360.2078056335449,0.0005815882360705831,6,0.0034780165337818425,0.0011154522676527277
numeric__INST_SHORT_PAYMENT_COUNT,INST_SHORT_PAYMENT_COUNT,False,434.30322885513306,0.0007012220302815479,48,0.0034156366732439746,0.0010954461071825343
numeric__COMMONAREA_AVG,COMMONAREA_AVG,False,387.0345969200134,0.000624902528486566,41,0.0033311551795423863,0.0010683516201929458
numeric__CC_RECEIVABLE_MAX,CC_RECEIVABLE_MAX,False,972.6634154319763,0.0015704534749781977,63,0.0033282808694217857,0.0010674297856614477
numeric__APARTMENTS_AVG,APARTMENTS_AVG,False,883.5393962860107,0.001426554646924051,71,0.0033017043172484475,0.0010589062852409633
numeric__INST_SHORTFALL_MAX,INST_SHORTFALL_MAX,False,1116.1043274402618,0.0018020518626048249,97,0.0032457764763658306,0.0010409693846162842
numeric__BASEMENTAREA_AVG,BASEMENTAREA_AVG,False,469.24631094932556,0.0007576408117743232,48,0.003095933667340162,0.0009929125397175644
numeric__LIVINGAREA_MODE,LIVINGAREA_MODE,False,986.7096240520477,0.001593132355244156,83,0.003089383156554461,0.0009908116922836253
numeric__TOTALAREA_MODE,TOTALAREA_MODE,False,832.5842316150665,0.001344282903013511,73,0.0030078666105050893,0.0009646681086465691
numeric__CC_BALANCE_MEAN,CC_BALANCE_MEAN,False,708.3495559692383,0.0011436947293603148,44,0.002917698266813089,0.0009357497632434299
numeric__HAS_BUREAU_HISTORY,HAS_BUREAU_HISTORY,False,175.42765426635742,0.0002832438897966777,8,0.0029084545467002072,0.0009327851630291091
numeric__INST_DUE_MEAN,INST_DUE_MEAN,False,1514.9042677879333,0.0024459506072306313,136,0.002903025742248112,0.000931044063704849
numeric__BB_UNKNOWN_MONTHS,BB_UNKNOWN_MONTHS,False,496.477689743042,0.0008016083474876373,42,0.0027745999096306082,0.000889855965595776
numeric__BUREAU_CREDIT_COUNT,BUREAU_CREDIT_COUNT,False,1355.9844374656677,0.002189360099339773,111,0.0027363807417784295,0.0008775985030350224
numeric__CC_RECEIVABLE_MEAN,CC_RECEIVABLE_MEAN,False,714.0723667144775,0.0011529347273687852,37,0.002697985022030769,0.0008652844176232097
numeric__missingindicator_BUREAU_OVERDUE_TO_CREDIT,BUREAU_OVERDUE_TO_CREDIT,True,263.2369976043701,0.00042502005428775373,6,0.0026953810891168204,0.0008644492971327038
numeric__POS_DPD_MONTH_COUNT,POS_DPD_MONTH_COUNT,False,355.38538360595703,0.0005738019974695627,40,0.0026688631729961617,0.0008559446021771424
numeric__PREV_CASH_LOAN_COUNT,PREV_CASH_LOAN_COUNT,False,447.6843910217285,0.0007228271326122897,47,0.0026647365559118127,0.0008546211339475459
numeric__LIVINGAPARTMENTS_MEDI,LIVINGAPARTMENTS_MEDI,False,565.3873171806335,0.0009128692031462791,48,0.0026430102730322226,0.0008476531879155724
numeric__CC_DRAWINGS_SUM,CC_DRAWINGS_SUM,False,626.3017706871033,0.0010112211239318959,50,0.0025897519118124445,0.0008305724296106448
numeric__BUREAU_ANNUITY_SUM,BUREAU_ANNUITY_SUM,False,986.9577748775482,0.0015935330173026266,90,0.002553996708448557,0.0008191051975589141
numeric__YEARS_BEGINEXPLUATATION_AVG,YEARS_BEGINEXPLUATATION_AVG,False,888.4114098548889,0.0014344209555751145,71,0.00246543550222792,0.0007907022853400193
numeric__APARTMENTS_MEDI,APARTMENTS_MEDI,False,614.1178460121155,0.0009915490703302815,48,0.0023820638018857265,0.0007639637257899177
numeric__POS_DPD_SUM,POS_DPD_SUM,False,267.9360704421997,0.00043260713441255487,30,0.002309053538114819,0.0007405482349507672
numeric__LIVINGAPARTMENTS_MODE,LIVINGAPARTMENTS_MODE,False,816.9476299285889,0.0013190361886149101,70,0.0022759959208087854,0.0007299461593628414
numeric__PREV_REFUSED_COUNT,PREV_REFUSED_COUNT,False,521.7201652526855,0.0008423646181072802,31,0.00227360891627086,0.0007291806110686154
numeric__LIVINGAREA_MEDI,LIVINGAREA_MEDI,False,796.4122204780579,0.0012858799039022135,59,0.0022460457162458217,0.0007203406778270493
numeric__POS_DPD_MEAN,POS_DPD_MEAN,False,671.647632598877,0.0010844361387925086,50,0.002228445018894196,0.0007146958691890086
numeric__BASEMENTAREA_MODE,BASEMENTAREA_MODE,False,637.9608068466187,0.0010300456973260496,62,0.0022240065247119047,0.0007132723772784579
numeric__NONLIVINGAREA_AVG,NONLIVINGAREA_AVG,False,566.7551703453064,0.0009150777263842652,52,0.002174024421364872,0.0006972423642008955
numeric__OBS_30_CNT_SOCIAL_CIRCLE,OBS_30_CNT_SOCIAL_CIRCLE,False,532.8491010665894,0.0008603332963205885,46,0.00211506866551934,0.0006783343656591026
numeric__LANDAREA_MEDI,LANDAREA_MEDI,False,599.284779548645,0.0009675997365704688,54,0.0021034593340576277,0.0006746110782683959
numeric__INST_SHORTFALL_SUM,INST_SHORTFALL_SUM,False,890.6291699409485,0.0014380017307729495,81,0.0019814921479497727,0.0006354943653368171
numeric__FLAG_DOCUMENT_18,FLAG_DOCUMENT_18,False,238.78089141845703,0.0003855334484025661,23,0.0018781107527042836,0.0006023383953638127
numeric__YEARS_BUILD_MODE,YEARS_BUILD_MODE,False,513.6056632995605,0.0008292630172988002,47,0.001865203278976268,0.0005981987742033786
numeric__missingindicator_BUREAU_DEBT_MAX,BUREAU_DEBT_MAX,True,230.3339023590088,0.0003718950169461698,7,0.0018575657656280894,0.0005957493086816634
numeric__CC_DPD_MONTH_COUNT,CC_DPD_MONTH_COUNT,False,149.69388937950134,0.0002416943878316155,16,0.0018504601080555718,0.0005934704173148618
numeric__LIVINGAREA_AVG,LIVINGAREA_AVG,False,768.8053956031799,0.001241306176372211,65,0.0018237872151909318,0.0005849160189841645
categorical__NAME_HOUSING_TYPE,NAME_HOUSING_TYPE,False,336.11392974853516,0.0005426864839238732,29,0.0017980860346743887,0.0005766732634336734
numeric__OBS_60_CNT_SOCIAL_CIRCLE,OBS_60_CNT_SOCIAL_CIRCLE,False,561.3739624023438,0.0009063892771432162,47,0.0017745577213156031,0.0005691273790955205
numeric__AMT_REQ_CREDIT_BUREAU_YEAR,AMT_REQ_CREDIT_BUREAU_YEAR,False,340.50707960128784,0.0005497796235885242,31,0.0017546145133368882,0.0005627312920303626
numeric__PREV_RECENT_24M_COUNT,PREV_RECENT_24M_COUNT,False,562.0566000938416,0.0009074914577308224,47,0.0017445098045586827,0.0005594905597879646
numeric__LIVINGAPARTMENTS_AVG,LIVINGAPARTMENTS_AVG,False,435.1813688278198,0.0007026398670683985,40,0.0017354652064829768,0.0005565898210089619
numeric__FLAG_DOCUMENT_16,FLAG_DOCUMENT_16,False,102.42791938781738,0.00016537918398621442,12,0.001733767542581923,0.0005560453546357433
numeric__CC_ACTIVE_MONTH_COUNT,CC_ACTIVE_MONTH_COUNT,False,648.8142976760864,0.0010475696445809298,45,0.0016448637363089397,0.0005275325654218499
numeric__ENTRANCES_AVG,ENTRANCES_AVG,False,283.5880489349365,0.00045787867606222806,28,0.0016409069222880278,0.0005262635555912648
numeric__NONLIVINGAPARTMENTS_MEDI,NONLIVINGAPARTMENTS_MEDI,False,211.6719298362732,0.0003417635664019323,23,0.0016177597693296131,0.0005188399151322895
numeric__YEARS_BEGINEXPLUATATION_MEDI,YEARS_BEGINEXPLUATATION_MEDI,False,419.31668186187744,0.0006770248882588579,38,0.0015522242660089291,0.0004978216925100605
numeric__LANDAREA_MODE,LANDAREA_MODE,False,839.0717339515686,0.0013547575650874044,82,0.0015457441097963033,0.00049574340884697
numeric__POS_DPD_DEF_MONTH_RATE,POS_DPD_DEF_MONTH_RATE,False,938.9939942359924,0.0015160911347494822,62,0.0015421472093397645,0.0004945898287153643
numeric__BUREAU_SOLD_COUNT,BUREAU_SOLD_COUNT,False,206.30780959129333,0.00033310270680212073,22,0.0015274783354300124,0.0004898852999968785
numeric__POS_DPD_MONTH_RATE,POS_DPD_MONTH_RATE,False,618.0316898822784,0.0009978683269291223,45,0.0014918033241650246,0.0004784437867586429
numeric__YEARS_BUILD_AVG,YEARS_BUILD_AVG,False,318.2560091018677,0.0005138532482017416,30,0.001469166705060685,0.00047118388219330405
numeric__POS_COMPLETED_MONTH_COUNT,POS_COMPLETED_MONTH_COUNT,False,455.7051510810852,0.0007357773786144886,42,0.0014165053144867227,0.0004542945813625229
numeric__FLOORSMAX_AVG,FLOORSMAX_AVG,False,437.68586778640747,0.0007066836082333178,30,0.0014106348002071833,0.00045241181904618634
numeric__NONLIVINGAPARTMENTS_AVG,NONLIVINGAPARTMENTS_AVG,False,263.79904985427856,0.00042592753872171496,29,0.001408199164219193,0.000451630673913726
numeric__PREV_APPLICATION_COUNT,PREV_APPLICATION_COUNT,False,551.3855285644531,0.0008902620430132694,55,0.0013679853597650552,0.0004387335013633309
numeric__CC_BALANCE_SUM,CC_BALANCE_SUM,False,277.3718934059143,0.00044784212806764525,29,0.001367076848006213,0.0004384421279636514
numeric__NONLIVINGAREA_MEDI,NONLIVINGAREA_MEDI,False,459.241069316864,0.0007414864399326337,42,0.0013319836165979115,0.00042718720028477476
numeric__INST_LATE_PAYMENT_COUNT,INST_LATE_PAYMENT_COUNT,False,509.34649991989136,0.0008223862109709599,47,0.0013292873260490894,0.00042632245931022167
numeric__PREV_CONSUMER_LOAN_COUNT,PREV_CONSUMER_LOAN_COUNT,False,394.93484711647034,0.0006376582003637825,41,0.0012999291905513007,0.00041690686323786594
numeric__missingindicator_BB_DEFAULT_MONTHS,BB_DEFAULT_MONTHS,True,28.652610301971436,4.626224313776925e-05,3,0.0012957661445155866,0.0004155717116950898
numeric__FLAG_DOCUMENT_13,FLAG_DOCUMENT_13,False,63.90507960319519,0.00010318055839185097,14,0.0012877996341881305,0.00041301673188871797
numeric__NONLIVINGAREA_MODE,NONLIVINGAREA_MODE,False,390.3145408630371,0.0006301982960474006,38,0.001280405938455486,0.0004106454623472403
numeric__missingindicator_BB_DELINQUENT_MONTHS,BB_DELINQUENT_MONTHS,True,24.80199956893921,4.0045082185135766e-05,3,0.001273609299444833,0.0004084656778858346
numeric__YEARS_BUILD_MEDI,YEARS_BUILD_MEDI,False,217.74360036849976,0.0003515668302391181,18,0.0012687187344815195,0.00040689720006939956
numeric__POS_DPD_DEF_MONTH_COUNT,POS_DPD_DEF_MONTH_COUNT,False,166.56350922584534,0.00026893192209981467,19,0.0011693694858004675,0.0003750344002079009
numeric__CC_DPD_MONTH_RATE,CC_DPD_MONTH_RATE,False,181.4679193496704,0.0002929964466826232,17,0.0011082320510374685,0.00035542670438976033
numeric__COMMONAREA_MODE,COMMONAREA_MODE,False,440.515248298645,0.0007112519001902078,45,0.001080083896549399,0.00034639916744478336
numeric__CC_MONTH_COUNT,CC_MONTH_COUNT,False,239.44653272628784,0.00038660818678419595,19,0.0010702455020325068,0.00034324384619563545
numeric__missingindicator_BUREAU_ACTIVE_COUNT,BUREAU_ACTIVE_COUNT,True,44.060001373291016,7.113887616868855e-05,2,0.0010615858796554265,0.00034046657491940396
numeric__ELEVATORS_MEDI,ELEVATORS_MEDI,False,68.97908067703247,0.00011137299422528049,6,0.0010504380612373495,0.00033689130171036494
numeric__PREV_APPROVED_COUNT,PREV_APPROVED_COUNT,False,276.14505100250244,0.00044586127951806443,22,0.000988175505072299,0.0003169227625186772
numeric__COMMONAREA_MEDI,COMMONAREA_MEDI,False,391.25057792663574,0.0006317096129489251,35,0.0009486973205065237,0.0003042615143420263
numeric__BUREAU_OVERDUE_MAX,BUREAU_OVERDUE_MAX,False,734.6479690074921,0.001186155907078195,37,0.0009312106911834096,0.0002986532890381457
numeric__BASEMENTAREA_MEDI,BASEMENTAREA_MEDI,False,352.05679988861084,0.0005684276965729461,32,0.0008500361473069694,0.0002726193906471582
numeric__CC_DPD_MEAN,CC_DPD_MEAN,False,366.81805753707886,0.0005922610884753131,36,0.0008329269868953964,0.00026713222530640814
numeric__NONLIVINGAPARTMENTS_MODE,NONLIVINGAPARTMENTS_MODE,False,167.90760016441345,0.0002711020790643629,20,0.0008239102596575043,0.00026424042512471766
numeric__BUREAU_OVERDUE_SUM,BUREAU_OVERDUE_SUM,False,522.5775961875916,0.0008437490182707005,36,0.0007790423913410333,0.0002498506242217497
numeric__FLAG_DOCUMENT_6,FLAG_DOCUMENT_6,False,49.218560218811035,7.946783820868522e-05,5,0.0007633243559283824,0.0002448096136130327
numeric__BUREAU_CREDIT_TYPE_COUNT,BUREAU_CREDIT_TYPE_COUNT,False,201.30424976348877,0.0003250240047617575,17,0.000762859791513536,0.00024466062081067593
numeric__missingindicator_BUREAU_ACTIVE_RATE,BUREAU_ACTIVE_RATE,True,23.206300735473633,3.746868140941447e-05,1,0.0007347531703959915,0.00023564640424295573
numeric__POS_DPD_MAX,POS_DPD_MAX,False,448.10050344467163,0.0007234989839333373,37,0.0006875751273482884,0.00022051569552152353
numeric__FLOORSMAX_MEDI,FLOORSMAX_MEDI,False,129.8535394668579,0.00020966033990635626,11,0.0006775780904083319,0.0002173094952587671
numeric__FLOORSMIN_MEDI,FLOORSMIN_MEDI,False,117.20648956298828,0.00018924052853621864,11,0.0006700641773669233,0.00021489967021636825
numeric__CC_DPD_DEF_MONTH_RATE,CC_DPD_DEF_MONTH_RATE,False,226.1350393295288,0.0003651155710135028,22,0.0006690496029814967,0.0002145742809354565
numeric__PREV_CANCELED_COUNT,PREV_CANCELED_COUNT,False,227.39017057418823,0.00036714209446802557,26,0.0006641857848309351,0.000213014381224573
numeric__FLOORSMAX_MODE,FLOORSMAX_MODE,False,112.55298900604248,0.00018172702900028426,10,0.0006188163153568025,0.00019846370927819956
numeric__INST_CONTRACT_COUNT,INST_CONTRACT_COUNT,False,210.74313831329346,0.00034026394808417534,16,0.0005780467049443361,0.00018538828138871372
numeric__FLAG_DOCUMENT_11,FLAG_DOCUMENT_11,False,42.78769016265869,6.908461409787359e-05,9,0.0005752345863381226,0.0001844863926122396
numeric__missingindicator_BUREAU_DEBT_MEAN,BUREAU_DEBT_MEAN,True,58.41429901123047,9.431519415157654e-05,1,0.0005657550133750428,0.00018144615083784263
numeric__ENTRANCES_MODE,ENTRANCES_MODE,False,189.0098180770874,0.000305173527547894,19,0.0005557926612769296,0.00017825107452608285
numeric__FLOORSMIN_MODE,FLOORSMIN_MODE,False,120.05514144897461,0.00019383993587731164,12,0.000553420296591467,0.00017749022145296042
numeric__missingindicator_AMT_REQ_CREDIT_BUREAU_DAY,AMT_REQ_CREDIT_BUREAU_DAY,True,115.75412034988403,0.00018689554645764635,9,0.0005504980934011085,0.00017655302689290953
numeric__ENTRANCES_MEDI,ENTRANCES_MEDI,False,206.9012303352356,0.0003340608385203106,17,0.0005383104394648263,0.00017264426277734324
numeric__missingindicator_EXT_SOURCE_STD,EXT_SOURCE_STD,True,52.127169132232666,8.416405161916587e-05,3,0.0004969954903095701,0.00015939393654238514
numeric__POS_FUTURE_INSTALLMENTS_MIN,POS_FUTURE_INSTALLMENTS_MIN,False,174.34108138084412,0.00028148951913073303,16,0.00048041369886472364,0.00015407590636936963
numeric__CC_LIMIT_MAX,CC_LIMIT_MAX,False,199.08480024337769,0.0003214405018191192,17,0.00046938311849644814,0.00015053823316804656
numeric__HAS_INSTALLMENT_HISTORY,HAS_INSTALLMENT_HISTORY,False,53.6811900138855,8.667315955420268e-05,4,0.0004409730277182063,0.00014142668931107954
numeric__BUREAU_UNIQUE_CREDIT_COUNT,BUREAU_UNIQUE_CREDIT_COUNT,False,139.39763927459717,0.00022507015636577987,11,0.00042939758618548067,0.00013771427093084814
numeric__missingindicator_ELEVATORS_AVG,ELEVATORS_AVG,True,57.62288951873779,9.30373916066295e-05,4,0.0004252633998804903,0.00013638837513822925
categorical__FONDKAPREMONT_MODE,FONDKAPREMONT_MODE,False,69.7950701713562,0.00011269048341689081,7,0.0004061251278562294,0.00013025044315283875
categorical__FLAG_OWN_REALTY,FLAG_OWN_REALTY,False,105.38909959793091,0.0001701602785326194,11,0.0004039893927273141,0.00012956548074121279
numeric__BB_DELINQUENT_MONTHS,BB_DELINQUENT_MONTHS,False,104.36525011062622,0.00016850718049306971,10,0.0003974355848454135,0.000127463575878881
numeric__missingindicator_EMPLOYMENT_YEARS,EMPLOYMENT_YEARS,True,20.437700271606445,3.2998524364003774e-05,1,0.00038122788404556184,0.0001222655222080512
numeric__FLAG_DOCUMENT_8,FLAG_DOCUMENT_8,False,54.461440086364746,8.793294420142603e-05,5,0.00037661616805012967,0.00012078647545398599
numeric__BB_RECENT_12M_DELINQUENT_MONTHS,BB_RECENT_12M_DELINQUENT_MONTHS,False,134.64055061340332,0.00021738940442197065,11,0.0003374045154939373,0.00010821070810573359
numeric__PREV_UNIQUE_APPLICATION_COUNT,PREV_UNIQUE_APPLICATION_COUNT,False,103.73899126052856,0.0001674960286683299,10,0.00031023263699308677,9.94962775687397e-05
numeric__PREV_UNUSED_OFFER_COUNT,PREV_UNUSED_OFFER_COUNT,False,38.75409984588623,6.257201597902645e-05,3,0.0003085887818849732,9.89690684855661e-05
numeric__missingindicator_COMMONAREA_AVG,COMMONAREA_AVG,True,74.19517946243286,0.00011979485972715459,5,0.00030518141614584187,9.787627499148127e-05
numeric__AMT_REQ_CREDIT_BUREAU_WEEK,AMT_REQ_CREDIT_BUREAU_WEEK,False,50.83042097091675,8.207033387076497e-05,5,0.0003032383027836713,9.725308928057761e-05
numeric__AMT_REQ_CREDIT_BUREAU_DAY,AMT_REQ_CREDIT_BUREAU_DAY,False,28.830219745635986,4.654900972481937e-05,7,0.0002874508777620829,9.21898243795394e-05
numeric__CC_DPD_MAX,CC_DPD_MAX,False,137.1374101638794,0.00022142081106826277,15,0.00027144006996746977,8.705491725992494e-05
numeric__BB_SEVERE_DELINQUENT_MONTH_RATE,BB_SEVERE_DELINQUENT_MONTH_RATE,False,74.16626167297363,0.00011974816932816928,5,0.0002705968398931085,8.67844806793442e-05
numeric__missingindicator_LANDAREA_AVG,LANDAREA_AVG,True,62.68685007095337,0.00010121361610546863,8,0.00027045384678005757,8.673862063507409e-05
numeric__missingindicator_YEARS_BUILD_AVG,YEARS_BUILD_AVG,True,43.666099548339844,7.050288587648652e-05,3,0.0002597021722374824,8.329039673127944e-05
numeric__BUREAU_OVERDUE_TO_CREDIT,BUREAU_OVERDUE_TO_CREDIT,False,251.55090045928955,0.00040615178847323873,11,0.00023927351192270705,7.673861779294138e-05
numeric__missingindicator_NONLIVINGAREA_AVG,NONLIVINGAREA_AVG,True,39.2044095993042,6.329908199780722e-05,3,0.00023679124187240563,7.5942516414572e-05
numeric__AMT_REQ_CREDIT_BUREAU_MON,AMT_REQ_CREDIT_BUREAU_MON,False,118.09592056274414,0.0001906765957123441,14,0.00023455067193665192,7.522393190199253e-05
numeric__missingindicator_LIVINGAREA_AVG,LIVINGAREA_AVG,True,28.25529956817627,4.562074885245407e-05,2,0.0002341935669070333,7.510940294239464e-05
numeric__missingindicator_YEARS_BEGINEXPLUATATION_AVG,YEARS_BEGINEXPLUATATION_AVG,True,17.599960327148438,2.8416735344130656e-05,2,0.000227623539832975,7.300229634094056e-05
numeric__missingindicator_LIVINGAPARTMENTS_AVG,LIVINGAPARTMENTS_AVG,True,27.213199615478516,4.393818377801671e-05,2,0.0002127311973107452,6.82260978738736e-05
numeric__ELEVATORS_MODE,ELEVATORS_MODE,False,36.65950012207031,5.919009437822874e-05,3,0.00020949454297602627,6.718805409742711e-05
numeric__BUREAU_PROLONG_MAX,BUREAU_PROLONG_MAX,False,44.39450001716614,7.167895462678074e-05,4,0.00020302007528945158,6.511159483028809e-05
numeric__FLOORSMIN_AVG,FLOORSMIN_AVG,False,71.49132919311523,0.00011542924775501646,7,0.00019412729984309306,6.225954785436956e-05
numeric__missingindicator_BUREAU_DEBT_SUM,BUREAU_DEBT_SUM,True,16.982500076293945,2.74197896574414e-05,1,0.000192913384839305,6.18702270358625e-05
numeric__CC_LATEST_MONTH,CC_LATEST_MONTH,False,42.99199914932251,6.941448952341632e-05,4,0.00019244659423262896,6.17205202602683e-05
numeric__missingindicator_BASEMENTAREA_AVG,BASEMENTAREA_AVG,True,15.892399787902832,2.565972367899782e-05,1,0.000181901549108583,5.833856552202346e-05
numeric__CC_DPD_DEF_MONTH_COUNT,CC_DPD_DEF_MONTH_COUNT,False,49.090500831604004,7.926107469064589e-05,4,0.00015887331070197264,5.095306275019783e-05
numeric__BB_SEVERE_DELINQUENT_MONTHS,BB_SEVERE_DELINQUENT_MONTHS,False,60.79240131378174,9.815485642903214e-05,3,0.0001571774735292634,5.040918223626265e-05
numeric__missingindicator_AMT_REQ_CREDIT_BUREAU_HOUR,AMT_REQ_CREDIT_BUREAU_HOUR,True,55.016921520233154,8.882981945576782e-05,3,0.00014439010964733734,4.6308082111852004e-05
numeric__FLAG_EMAIL,FLAG_EMAIL,False,24.9621000289917,4.0303578927015766e-05,2,0.00014156218082672184,4.540112276157943e-05
numeric__CC_CONTRACT_COUNT,CC_CONTRACT_COUNT,False,27.806670427322388,4.489639633538365e-05,5,0.00012311672290925407,3.948538669129686e-05
numeric__missingindicator_APARTMENTS_AVG,APARTMENTS_AVG,True,33.54410982131958,5.416001362665191e-05,3,0.00011605131625880505,3.721940440122349e-05
numeric__HAS_POS_HISTORY,HAS_POS_HISTORY,False,22.903400421142578,3.6979621325868576e-05,2,0.00010253895043029877,3.288578523686273e-05
numeric__missingindicator_PREV_DOWN_PAYMENT_RATE_MEAN,PREV_DOWN_PAYMENT_RATE_MEAN,True,10.881400108337402,1.7569009321870316e-05,1,9.303959644238227e-05,2.9839199389976108e-05
numeric__CC_RECENT_12M_DPD_COUNT,CC_RECENT_12M_DPD_COUNT,False,33.90872097015381,5.47487114604737e-05,3,8.977100914803733e-05,2.8790914232592595e-05
numeric__missingindicator_BUREAU_ANNUITY_SUM,BUREAU_ANNUITY_SUM,True,17.269089698791504,2.7882514646788407e-05,2,6.946803126928112e-05,2.2279443543769724e-05
numeric__BB_DEFAULT_MONTHS,BB_DEFAULT_MONTHS,False,23.021960258483887,3.717104695737834e-05,2,5.567146268547747e-05,1.785467627680783e-05
numeric__missingindicator_FLOORSMIN_AVG,FLOORSMIN_AVG,True,22.95639991760254,3.7065193829231086e-05,2,5.172132602165042e-05,1.6587807975174724e-05
numeric__BUREAU_DAYS_OVERDUE_MEAN,BUREAU_DAYS_OVERDUE_MEAN,False,17.369629859924316,2.804484587352193e-05,2,4.7635299299957716e-05,1.527735768601355e-05
numeric__missingindicator_CC_UTILIZATION_MAX,CC_UTILIZATION_MAX,True,21.357800483703613,3.448410977051815e-05,2,4.586592166948252e-05,1.4709891640042369e-05
numeric__BUREAU_OVERDUE_RATE,BUREAU_OVERDUE_RATE,False,20.804579734802246,3.3590884597495333e-05,2,4.563335282143478e-05,1.4635303308900036e-05
numeric__missingindicator_APARTMENTS_MEDI,APARTMENTS_MEDI,True,10.253199577331543,1.6554722476853992e-05,1,4.2447685828231603e-05,1.3613611940546746e-05
numeric__FLAG_CONT_MOBILE,FLAG_CONT_MOBILE,False,13.179499626159668,2.127949983312991e-05,1,3.7306240523379085e-05,1.1964673021307571e-05
numeric__missingindicator_TOTALAREA_MODE,TOTALAREA_MODE,True,19.42455005645752,3.136270127164566e-05,2,3.469568484191052e-05,1.1127428509545147e-05
numeric__missingindicator_LIVINGAREA_MEDI,LIVINGAREA_MEDI,True,12.324199676513672,1.9898540339065163e-05,1,3.455367572687983e-05,1.1081884048255282e-05
numeric__AMT_REQ_CREDIT_BUREAU_HOUR,AMT_REQ_CREDIT_BUREAU_HOUR,False,12.236800193786621,1.9757425931776557e-05,1,3.3372753494417886e-05,1.0703144508254054e-05
numeric__FLAG_DOCUMENT_5,FLAG_DOCUMENT_5,False,12.739999771118164,2.0569887377627192e-05,1,3.0643143331523284e-05,9.827717431805401e-06
numeric__missingindicator_NONLIVINGAREA_MEDI,NONLIVINGAREA_MEDI,True,21.455480098724365,3.46418223856017e-05,2,2.9821260034465265e-05,9.564127084104433e-06
numeric__missingindicator_LIVINGAPARTMENTS_MEDI,LIVINGAPARTMENTS_MEDI,True,13.611700057983398,2.1977326706512633e-05,1,2.8957188957027553e-05,9.287006480053422e-06
numeric__BUREAU_PROLONG_SUM,BUREAU_PROLONG_SUM,False,7.204480171203613,1.163228794336154e-05,1,2.6947965187967132e-05,8.642618166297123e-06
numeric__HAS_CREDIT_CARD_HISTORY,HAS_CREDIT_CARD_HISTORY,False,14.863300323486328,2.3998149074309578e-05,1,2.4865641424529796e-05,7.974785583745337e-06
numeric__missingindicator_PREV_DOWN_PAYMENT_MEAN,PREV_DOWN_PAYMENT_MEAN,True,7.089260101318359,1.1446254669910862e-05,1,2.2757063585047783e-05,7.298532923722753e-06
numeric__missingindicator_PREV_CREDIT_TO_APPLICATION_MEAN,PREV_CREDIT_TO_APPLICATION_MEAN,True,5.252920150756836,8.481316942382728e-06,1,2.09728817037213e-05,6.726318931609692e-06
numeric__missingindicator_LANDAREA_MEDI,LANDAREA_MEDI,True,6.976799964904785,1.1264677559859094e-05,1,1.6304686100961247e-05,5.22915831711337e-06
numeric__BUREAU_DAYS_OVERDUE_MAX,BUREAU_DAYS_OVERDUE_MAX,False,13.495599746704102,2.1789872203339356e-05,1,1.5248477528321366e-05,4.890416325514975e-06
numeric__missingindicator_YEARS_BUILD_MODE,YEARS_BUILD_MODE,True,0.0,0.0,0,0.0,0.0
numeric__missingindicator_YEARS_BEGINEXPLUATATION_MODE,YEARS_BEGINEXPLUATATION_MODE,True,0.0,0.0,0,0.0,0.0
numeric__missingindicator_YEARS_BEGINEXPLUATATION_MEDI,YEARS_BEGINEXPLUATATION_MEDI,True,0.0,0.0,0,0.0,0.0
numeric__missingindicator_PREV_DAYS_SINCE_DECISION_MIN,PREV_DAYS_SINCE_DECISION_MIN,True,0.0,0.0,0,0.0,0.0
numeric__missingindicator_PREV_HIGH_YIELD_COUNT,PREV_HIGH_YIELD_COUNT,True,0.0,0.0,0,0.0,0.0
numeric__missingindicator_PREV_MIDDLE_YIELD_COUNT,PREV_MIDDLE_YIELD_COUNT,True,0.0,0.0,0,0.0,0.0
numeric__missingindicator_PREV_PAYMENT_COUNT_MAX,PREV_PAYMENT_COUNT_MAX,True,0.0,0.0,0,0.0,0.0
numeric__missingindicator_PREV_PAYMENT_COUNT_MEAN,PREV_PAYMENT_COUNT_MEAN,True,0.0,0.0,0,0.0,0.0
numeric__missingindicator_PREV_DAYS_SINCE_DECISION_MAX,PREV_DAYS_SINCE_DECISION_MAX,True,0.0,0.0,0,0.0,0.0
numeric__missingindicator_PREV_DAYS_SINCE_DECISION_MEAN,PREV_DAYS_SINCE_DECISION_MEAN,True,0.0,0.0,0,0.0,0.0
numeric__missingindicator_YEARS_BUILD_MEDI,YEARS_BUILD_MEDI,True,0.0,0.0,0,0.0,0.0
numeric__missingindicator_PREV_REFUSED_COUNT,PREV_REFUSED_COUNT,True,0.0,0.0,0,0.0,0.0
numeric__missingindicator_PREV_UNIQUE_APPLICATION_COUNT,PREV_UNIQUE_APPLICATION_COUNT,True,0.0,0.0,0,0.0,0.0
numeric__missingindicator_PREV_UNUSED_OFFER_COUNT,PREV_UNUSED_OFFER_COUNT,True,0.0,0.0,0,0.0,0.0
numeric__missingindicator_BUREAU_BAD_DEBT_COUNT,BUREAU_BAD_DEBT_COUNT,True,0.0,0.0,0,0.0,0.0
numeric__missingindicator_BUREAU_CLOSED_COUNT,BUREAU_CLOSED_COUNT,True,0.0,0.0,0,0.0,0.0
numeric__missingindicator_BUREAU_CREDIT_COUNT,BUREAU_CREDIT_COUNT,True,0.0,0.0,0,0.0,0.0
numeric__missingindicator_BUREAU_CREDIT_MAX,BUREAU_CREDIT_MAX,True,0.0,0.0,0,0.0,0.0
numeric__missingindicator_BUREAU_CREDIT_MEAN,BUREAU_CREDIT_MEAN,True,0.0,0.0,0,0.0,0.0
numeric__missingindicator_BUREAU_CREDIT_SUM,BUREAU_CREDIT_SUM,True,0.0,0.0,0,0.0,0.0
numeric__missingindicator_BUREAU_CREDIT_TYPE_COUNT,BUREAU_CREDIT_TYPE_COUNT,True,0.0,0.0,0,0.0,0.0
numeric__missingindicator_BUREAU_DAYS_OVERDUE_MAX,BUREAU_DAYS_OVERDUE_MAX,True,0.0,0.0,0,0.0,0.0
numeric__missingindicator_BUREAU_DAYS_OVERDUE_MEAN,BUREAU_DAYS_OVERDUE_MEAN,True,0.0,0.0,0,0.0,0.0
numeric__missingindicator_BUREAU_DAYS_SINCE_CREDIT_MAX,BUREAU_DAYS_SINCE_CREDIT_MAX,True,0.0,0.0,0,0.0,0.0
numeric__missingindicator_PREV_RECENT_12M_COUNT,PREV_RECENT_12M_COUNT,True,0.0,0.0,0,0.0,0.0
numeric__missingindicator_PREV_RECENT_24M_COUNT,PREV_RECENT_24M_COUNT,True,0.0,0.0,0,0.0,0.0
numeric__missingindicator_PREV_REFUSAL_RATE,PREV_REFUSAL_RATE,True,0.0,0.0,0,0.0,0.0
numeric__missingindicator_BUREAU_OVERDUE_MAX,BUREAU_OVERDUE_MAX,True,0.0,0.0,0,0.0,0.0
numeric__missingindicator_BUREAU_OVERDUE_RATE,BUREAU_OVERDUE_RATE,True,0.0,0.0,0,0.0,0.0
numeric__missingindicator_BUREAU_OVERDUE_SUM,BUREAU_OVERDUE_SUM,True,0.0,0.0,0,0.0,0.0
numeric__missingindicator_BUREAU_PROLONG_MAX,BUREAU_PROLONG_MAX,True,0.0,0.0,0,0.0,0.0
numeric__missingindicator_BUREAU_PROLONG_SUM,BUREAU_PROLONG_SUM,True,0.0,0.0,0,0.0,0.0
numeric__missingindicator_BUREAU_RECENT_12M_COUNT,BUREAU_RECENT_12M_COUNT,True,0.0,0.0,0,0.0,0.0
numeric__missingindicator_BUREAU_RECENT_24M_COUNT,BUREAU_RECENT_24M_COUNT,True,0.0,0.0,0,0.0,0.0
numeric__missingindicator_BUREAU_SOLD_COUNT,BUREAU_SOLD_COUNT,True,0.0,0.0,0,0.0,0.0
numeric__missingindicator_BUREAU_UNIQUE_CREDIT_COUNT,BUREAU_UNIQUE_CREDIT_COUNT,True,0.0,0.0,0,0.0,0.0
numeric__missingindicator_CC_ACTIVE_MONTH_COUNT,CC_ACTIVE_MONTH_COUNT,True,0.0,0.0,0,0.0,0.0
numeric__missingindicator_CC_BALANCE_MAX,CC_BALANCE_MAX,True,0.0,0.0,0,0.0,0.0
numeric__missingindicator_CC_BALANCE_MEAN,CC_BALANCE_MEAN,True,0.0,0.0,0,0.0,0.0
numeric__missingindicator_CC_BALANCE_SUM,CC_BALANCE_SUM,True,0.0,0.0,0,0.0,0.0
numeric__missingindicator_CC_CONTRACT_COUNT,CC_CONTRACT_COUNT,True,0.0,0.0,0,0.0,0.0
numeric__missingindicator_CC_DPD_DEF_MONTH_COUNT,CC_DPD_DEF_MONTH_COUNT,True,0.0,0.0,0,0.0,0.0
numeric__missingindicator_CC_DPD_DEF_MONTH_RATE,CC_DPD_DEF_MONTH_RATE,True,0.0,0.0,0,0.0,0.0
numeric__missingindicator_CC_DPD_MAX,CC_DPD_MAX,True,0.0,0.0,0,0.0,0.0
numeric__missingindicator_CC_DPD_MEAN,CC_DPD_MEAN,True,0.0,0.0,0,0.0,0.0
numeric__missingindicator_CC_DPD_MONTH_COUNT,CC_DPD_MONTH_COUNT,True,0.0,0.0,0,0.0,0.0
numeric__missingindicator_CC_DPD_MONTH_RATE,CC_DPD_MONTH_RATE,True,0.0,0.0,0,0.0,0.0
numeric__missingindicator_CC_DRAWINGS_MEAN,CC_DRAWINGS_MEAN,True,0.0,0.0,0,0.0,0.0
numeric__missingindicator_CC_DRAWINGS_SUM,CC_DRAWINGS_SUM,True,0.0,0.0,0,0.0,0.0
numeric__missingindicator_CC_DRAWING_COUNT_SUM,CC_DRAWING_COUNT_SUM,True,0.0,0.0,0,0.0,0.0
numeric__missingindicator_CC_LATEST_MONTH,CC_LATEST_MONTH,True,0.0,0.0,0,0.0,0.0
numeric__missingindicator_CC_LIMIT_MAX,CC_LIMIT_MAX,True,0.0,0.0,0,0.0,0.0
numeric__missingindicator_CC_LIMIT_MEAN,CC_LIMIT_MEAN,True,0.0,0.0,0,0.0,0.0
numeric__missingindicator_CC_MONTH_COUNT,CC_MONTH_COUNT,True,0.0,0.0,0,0.0,0.0
numeric__missingindicator_CC_OLDEST_MONTH,CC_OLDEST_MONTH,True,0.0,0.0,0,0.0,0.0
numeric__missingindicator_CC_PAYMENT_TOTAL_SUM,CC_PAYMENT_TOTAL_SUM,True,0.0,0.0,0,0.0,0.0
numeric__missingindicator_BUREAU_DAYS_SINCE_CREDIT_MEAN,BUREAU_DAYS_SINCE_CREDIT_MEAN,True,0.0,0.0,0,0.0,0.0
numeric__missingindicator_BUREAU_DAYS_SINCE_CREDIT_MIN,BUREAU_DAYS_SINCE_CREDIT_MIN,True,0.0,0.0,0,0.0,0.0
numeric__missingindicator_BUREAU_OVERDUE_CREDIT_COUNT,BUREAU_OVERDUE_CREDIT_COUNT,True,0.0,0.0,0,0.0,0.0
numeric__missingindicator_CC_RECENT_12M_DPD_COUNT,CC_RECENT_12M_DPD_COUNT,True,0.0,0.0,0,0.0,0.0
numeric__missingindicator_CC_RECEIVABLE_MEAN,CC_RECEIVABLE_MEAN,True,0.0,0.0,0,0.0,0.0
numeric__missingindicator_CC_RECEIVABLE_MAX,CC_RECEIVABLE_MAX,True,0.0,0.0,0,0.0,0.0
numeric__missingindicator_CC_UTILIZATION_MEAN,CC_UTILIZATION_MEAN,True,0.0,0.0,0,0.0,0.0
numeric__missingindicator_CREDIT_TO_GOODS,CREDIT_TO_GOODS,True,0.0,0.0,0,0.0,0.0
numeric__missingindicator_DEF_30_CNT_SOCIAL_CIRCLE,DEF_30_CNT_SOCIAL_CIRCLE,True,0.0,0.0,0,0.0,0.0
numeric__missingindicator_COMMONAREA_MODE,COMMONAREA_MODE,True,0.0,0.0,0,0.0,0.0
numeric__missingindicator_COMMONAREA_MEDI,COMMONAREA_MEDI,True,0.0,0.0,0,0.0,0.0
numeric__missingindicator_APARTMENTS_MODE,APARTMENTS_MODE,True,0.0,0.0,0,0.0,0.0
numeric__missingindicator_BASEMENTAREA_MEDI,BASEMENTAREA_MEDI,True,0.0,0.0,0,0.0,0.0
numeric__missingindicator_BASEMENTAREA_MODE,BASEMENTAREA_MODE,True,0.0,0.0,0,0.0,0.0
numeric__missingindicator_BB_DELINQUENT_MONTH_RATE,BB_DELINQUENT_MONTH_RATE,True,0.0,0.0,0,0.0,0.0
numeric__missingindicator_BB_MAX_DELINQUENCY_LEVEL,BB_MAX_DELINQUENCY_LEVEL,True,0.0,0.0,0,0.0,0.0
numeric__missingindicator_BB_MONTHS_OBSERVED,BB_MONTHS_OBSERVED,True,0.0,0.0,0,0.0,0.0
numeric__missingindicator_DEF_60_CNT_SOCIAL_CIRCLE,DEF_60_CNT_SOCIAL_CIRCLE,True,0.0,0.0,0,0.0,0.0
numeric__missingindicator_CREDIT_TO_ANNUITY,CREDIT_TO_ANNUITY,True,0.0,0.0,0,0.0,0.0
numeric__missingindicator_BB_SEVERE_DELINQUENT_MONTHS,BB_SEVERE_DELINQUENT_MONTHS,True,0.0,0.0,0,0.0,0.0
numeric__missingindicator_BB_SEVERE_DELINQUENT_MONTH_RATE,BB_SEVERE_DELINQUENT_MONTH_RATE,True,0.0,0.0,0,0.0,0.0
numeric__missingindicator_AMT_ANNUITY,AMT_ANNUITY,True,0.0,0.0,0,0.0,0.0
numeric__missingindicator_BB_UNKNOWN_MONTHS,BB_UNKNOWN_MONTHS,True,0.0,0.0,0,0.0,0.0
numeric__missingindicator_AMT_REQ_CREDIT_BUREAU_MON,AMT_REQ_CREDIT_BUREAU_MON,True,0.0,0.0,0,0.0,0.0
numeric__missingindicator_AMT_REQ_CREDIT_BUREAU_QRT,AMT_REQ_CREDIT_BUREAU_QRT,True,0.0,0.0,0,0.0,0.0
numeric__missingindicator_AMT_REQ_CREDIT_BUREAU_WEEK,AMT_REQ_CREDIT_BUREAU_WEEK,True,0.0,0.0,0,0.0,0.0
numeric__missingindicator_AMT_GOODS_PRICE,AMT_GOODS_PRICE,True,0.0,0.0,0,0.0,0.0
numeric__missingindicator_AMT_REQ_CREDIT_BUREAU_YEAR,AMT_REQ_CREDIT_BUREAU_YEAR,True,0.0,0.0,0,0.0,0.0
numeric__missingindicator_ANNUITY_TO_INCOME,ANNUITY_TO_INCOME,True,0.0,0.0,0,0.0,0.0
numeric__HAS_PREVIOUS_APPLICATION,HAS_PREVIOUS_APPLICATION,False,0.0,0.0,0,0.0,0.0
numeric__BB_MAX_DELINQUENCY_LEVEL,BB_MAX_DELINQUENCY_LEVEL,False,0.0,0.0,0,0.0,0.0
numeric__BUREAU_BAD_DEBT_COUNT,BUREAU_BAD_DEBT_COUNT,False,0.0,0.0,0,0.0,0.0
numeric__missingindicator_ELEVATORS_MEDI,ELEVATORS_MEDI,True,0.0,0.0,0,0.0,0.0
numeric__missingindicator_BB_RECENT_12M_DELINQUENT_MONTHS,BB_RECENT_12M_DELINQUENT_MONTHS,True,0.0,0.0,0,0.0,0.0
numeric__missingindicator_DOWN_PAYMENT_RATE,DOWN_PAYMENT_RATE,True,0.0,0.0,0,0.0,0.0
numeric__missingindicator_ENTRANCES_MEDI,ENTRANCES_MEDI,True,0.0,0.0,0,0.0,0.0
numeric__missingindicator_ENTRANCES_MODE,ENTRANCES_MODE,True,0.0,0.0,0,0.0,0.0
numeric__missingindicator_EXT_SOURCE_2,EXT_SOURCE_2,True,0.0,0.0,0,0.0,0.0
numeric__missingindicator_EXT_SOURCE_MAX,EXT_SOURCE_MAX,True,0.0,0.0,0,0.0,0.0
numeric__missingindicator_EXT_SOURCE_MEAN,EXT_SOURCE_MEAN,True,0.0,0.0,0,0.0,0.0
numeric__missingindicator_EXT_SOURCE_MIN,EXT_SOURCE_MIN,True,0.0,0.0,0,0.0,0.0
numeric__missingindicator_FLOORSMAX_AVG,FLOORSMAX_AVG,True,0.0,0.0,0,0.0,0.0
numeric__missingindicator_FLOORSMAX_MEDI,FLOORSMAX_MEDI,True,0.0,0.0,0,0.0,0.0
numeric__missingindicator_FLOORSMAX_MODE,FLOORSMAX_MODE,True,0.0,0.0,0,0.0,0.0
numeric__missingindicator_FLOORSMIN_MEDI,FLOORSMIN_MEDI,True,0.0,0.0,0,0.0,0.0
numeric__missingindicator_FLOORSMIN_MODE,FLOORSMIN_MODE,True,0.0,0.0,0,0.0,0.0
numeric__missingindicator_INST_CONTRACT_COUNT,INST_CONTRACT_COUNT,True,0.0,0.0,0,0.0,0.0
numeric__missingindicator_INST_DAYS_SINCE_DUE_MAX,INST_DAYS_SINCE_DUE_MAX,True,0.0,0.0,0,0.0,0.0
numeric__missingindicator_INST_DAYS_SINCE_DUE_MIN,INST_DAYS_SINCE_DUE_MIN,True,0.0,0.0,0,0.0,0.0
numeric__missingindicator_INST_DUE_MEAN,INST_DUE_MEAN,True,0.0,0.0,0,0.0,0.0
numeric__missingindicator_INST_DUE_SUM,INST_DUE_SUM,True,0.0,0.0,0,0.0,0.0
numeric__missingindicator_INST_LATE_DAYS_MAX,INST_LATE_DAYS_MAX,True,0.0,0.0,0,0.0,0.0
numeric__missingindicator_INST_LATE_DAYS_MEAN,INST_LATE_DAYS_MEAN,True,0.0,0.0,0,0.0,0.0
numeric__missingindicator_INST_LATE_DAYS_SUM,INST_LATE_DAYS_SUM,True,0.0,0.0,0,0.0,0.0
numeric__missingindicator_INST_LATE_PAYMENT_COUNT,INST_LATE_PAYMENT_COUNT,True,0.0,0.0,0,0.0,0.0
numeric__missingindicator_INST_LATE_PAYMENT_RATE,INST_LATE_PAYMENT_RATE,True,0.0,0.0,0,0.0,0.0
numeric__missingindicator_INST_PAID_MEAN,INST_PAID_MEAN,True,0.0,0.0,0,0.0,0.0
numeric__missingindicator_INST_PAID_SUM,INST_PAID_SUM,True,0.0,0.0,0,0.0,0.0
numeric__missingindicator_INST_PAYMENT_COUNT,INST_PAYMENT_COUNT,True,0.0,0.0,0,0.0,0.0
numeric__FLAG_DOCUMENT_17,FLAG_DOCUMENT_17,False,0.0,0.0,0,0.0,0.0
numeric__FLAG_DOCUMENT_19,FLAG_DOCUMENT_19,False,0.0,0.0,0,0.0,0.0
numeric__FLAG_DOCUMENT_2,FLAG_DOCUMENT_2,False,0.0,0.0,0,0.0,0.0
numeric__FLAG_DOCUMENT_20,FLAG_DOCUMENT_20,False,0.0,0.0,0,0.0,0.0
numeric__FLAG_DOCUMENT_21,FLAG_DOCUMENT_21,False,0.0,0.0,0,0.0,0.0
numeric__FLAG_DOCUMENT_4,FLAG_DOCUMENT_4,False,0.0,0.0,0,0.0,0.0
numeric__missingindicator_ELEVATORS_MODE,ELEVATORS_MODE,True,0.0,0.0,0,0.0,0.0
numeric__missingindicator_ENTRANCES_AVG,ENTRANCES_AVG,True,0.0,0.0,0,0.0,0.0
numeric__FLAG_DOCUMENT_9,FLAG_DOCUMENT_9,False,0.0,0.0,0,0.0,0.0
numeric__FLAG_DOCUMENT_7,FLAG_DOCUMENT_7,False,0.0,0.0,0,0.0,0.0
numeric__missingindicator_INST_RECENT_12M_LATE_COUNT,INST_RECENT_12M_LATE_COUNT,True,0.0,0.0,0,0.0,0.0
numeric__FLAG_MOBIL,FLAG_MOBIL,False,0.0,0.0,0,0.0,0.0
numeric__missingindicator_INST_SHORTFALL_MAX,INST_SHORTFALL_MAX,True,0.0,0.0,0,0.0,0.0
numeric__missingindicator_INST_SHORTFALL_MEAN,INST_SHORTFALL_MEAN,True,0.0,0.0,0,0.0,0.0
numeric__missingindicator_INST_SHORTFALL_SUM,INST_SHORTFALL_SUM,True,0.0,0.0,0,0.0,0.0
numeric__missingindicator_INST_PAYMENT_RATIO,INST_PAYMENT_RATIO,True,0.0,0.0,0,0.0,0.0
numeric__missingindicator_INST_SHORT_PAYMENT_COUNT,INST_SHORT_PAYMENT_COUNT,True,0.0,0.0,0,0.0,0.0
numeric__missingindicator_INST_SHORT_PAYMENT_RATE,INST_SHORT_PAYMENT_RATE,True,0.0,0.0,0,0.0,0.0
numeric__missingindicator_INST_UNIQUE_NUMBER_COUNT,INST_UNIQUE_NUMBER_COUNT,True,0.0,0.0,0,0.0,0.0
numeric__missingindicator_INST_VERSION_MEAN,INST_VERSION_MEAN,True,0.0,0.0,0,0.0,0.0
numeric__missingindicator_LANDAREA_MODE,LANDAREA_MODE,True,0.0,0.0,0,0.0,0.0
numeric__missingindicator_LIVINGAPARTMENTS_MODE,LIVINGAPARTMENTS_MODE,True,0.0,0.0,0,0.0,0.0
numeric__FLAG_DOCUMENT_10,FLAG_DOCUMENT_10,False,0.0,0.0,0,0.0,0.0
numeric__missingindicator_INST_RECENT_24M_LATE_COUNT,INST_RECENT_24M_LATE_COUNT,True,0.0,0.0,0,0.0,0.0
numeric__FLAG_DOCUMENT_14,FLAG_DOCUMENT_14,False,0.0,0.0,0,0.0,0.0
numeric__FLAG_DOCUMENT_15,FLAG_DOCUMENT_15,False,0.0,0.0,0,0.0,0.0
numeric__BUREAU_OVERDUE_CREDIT_COUNT,BUREAU_OVERDUE_CREDIT_COUNT,False,0.0,0.0,0,0.0,0.0
categorical__EMERGENCYSTATE_MODE,EMERGENCYSTATE_MODE,False,0.0,0.0,0,0.0,0.0
categorical__HOUSETYPE_MODE,HOUSETYPE_MODE,False,0.0,0.0,0,0.0,0.0
numeric__missingindicator_LIVINGAREA_MODE,LIVINGAREA_MODE,True,0.0,0.0,0,0.0,0.0
numeric__missingindicator_NONLIVINGAPARTMENTS_AVG,NONLIVINGAPARTMENTS_AVG,True,0.0,0.0,0,0.0,0.0
numeric__missingindicator_NONLIVINGAPARTMENTS_MEDI,NONLIVINGAPARTMENTS_MEDI,True,0.0,0.0,0,0.0,0.0
numeric__missingindicator_NONLIVINGAPARTMENTS_MODE,NONLIVINGAPARTMENTS_MODE,True,0.0,0.0,0,0.0,0.0
numeric__missingindicator_NONLIVINGAREA_MODE,NONLIVINGAREA_MODE,True,0.0,0.0,0,0.0,0.0
numeric__missingindicator_OBS_30_CNT_SOCIAL_CIRCLE,OBS_30_CNT_SOCIAL_CIRCLE,True,0.0,0.0,0,0.0,0.0
numeric__missingindicator_OBS_60_CNT_SOCIAL_CIRCLE,OBS_60_CNT_SOCIAL_CIRCLE,True,0.0,0.0,0,0.0,0.0
numeric__missingindicator_PHONE_CHANGE_YEARS,PHONE_CHANGE_YEARS,True,0.0,0.0,0,0.0,0.0
numeric__missingindicator_POS_ACTIVE_MONTH_COUNT,POS_ACTIVE_MONTH_COUNT,True,0.0,0.0,0,0.0,0.0
numeric__missingindicator_POS_COMPLETED_MONTH_COUNT,POS_COMPLETED_MONTH_COUNT,True,0.0,0.0,0,0.0,0.0
numeric__FLAG_DOCUMENT_12,FLAG_DOCUMENT_12,False,0.0,0.0,0,0.0,0.0
numeric__missingindicator_POS_CONTRACT_COUNT,POS_CONTRACT_COUNT,True,0.0,0.0,0,0.0,0.0
numeric__missingindicator_POS_DPD_DEF_MAX,POS_DPD_DEF_MAX,True,0.0,0.0,0,0.0,0.0
numeric__missingindicator_POS_DPD_DEF_MONTH_COUNT,POS_DPD_DEF_MONTH_COUNT,True,0.0,0.0,0,0.0,0.0
numeric__missingindicator_POS_DPD_DEF_MEAN,POS_DPD_DEF_MEAN,True,0.0,0.0,0,0.0,0.0
numeric__missingindicator_POS_DPD_MAX,POS_DPD_MAX,True,0.0,0.0,0,0.0,0.0
numeric__missingindicator_POS_DPD_MEAN,POS_DPD_MEAN,True,0.0,0.0,0,0.0,0.0
numeric__missingindicator_POS_DPD_MONTH_COUNT,POS_DPD_MONTH_COUNT,True,0.0,0.0,0,0.0,0.0
numeric__missingindicator_POS_DPD_DEF_MONTH_RATE,POS_DPD_DEF_MONTH_RATE,True,0.0,0.0,0,0.0,0.0
numeric__missingindicator_POS_DPD_SUM,POS_DPD_SUM,True,0.0,0.0,0,0.0,0.0
numeric__missingindicator_POS_FUTURE_INSTALLMENTS_MEAN,POS_FUTURE_INSTALLMENTS_MEAN,True,0.0,0.0,0,0.0,0.0
numeric__missingindicator_POS_FUTURE_INSTALLMENTS_MIN,POS_FUTURE_INSTALLMENTS_MIN,True,0.0,0.0,0,0.0,0.0
numeric__missingindicator_POS_INSTALLMENT_COUNT_MAX,POS_INSTALLMENT_COUNT_MAX,True,0.0,0.0,0,0.0,0.0
numeric__missingindicator_POS_INSTALLMENT_COUNT_MEAN,POS_INSTALLMENT_COUNT_MEAN,True,0.0,0.0,0,0.0,0.0
numeric__missingindicator_POS_LATEST_MONTH,POS_LATEST_MONTH,True,0.0,0.0,0,0.0,0.0
numeric__missingindicator_POS_MONTH_COUNT,POS_MONTH_COUNT,True,0.0,0.0,0,0.0,0.0
numeric__missingindicator_POS_DPD_MONTH_RATE,POS_DPD_MONTH_RATE,True,0.0,0.0,0,0.0,0.0
numeric__missingindicator_POS_OLDEST_MONTH,POS_OLDEST_MONTH,True,0.0,0.0,0,0.0,0.0
numeric__missingindicator_POS_RECENT_12M_DPD_COUNT,POS_RECENT_12M_DPD_COUNT,True,0.0,0.0,0,0.0,0.0
numeric__missingindicator_PREV_ANNUITY_MEAN,PREV_ANNUITY_MEAN,True,0.0,0.0,0,0.0,0.0
numeric__missingindicator_PREV_ANNUITY_MAX,PREV_ANNUITY_MAX,True,0.0,0.0,0,0.0,0.0
numeric__missingindicator_PREV_APPLICATION_AMOUNT_MAX,PREV_APPLICATION_AMOUNT_MAX,True,0.0,0.0,0,0.0,0.0
numeric__missingindicator_PREV_APPLICATION_AMOUNT_MEAN,PREV_APPLICATION_AMOUNT_MEAN,True,0.0,0.0,0,0.0,0.0
numeric__missingindicator_PREV_APPLICATION_COUNT,PREV_APPLICATION_COUNT,True,0.0,0.0,0,0.0,0.0
numeric__missingindicator_PREV_ANNUITY_TO_CREDIT_MEAN,PREV_ANNUITY_TO_CREDIT_MEAN,True,0.0,0.0,0,0.0,0.0
numeric__missingindicator_PREV_APPROVAL_RATE,PREV_APPROVAL_RATE,True,0.0,0.0,0,0.0,0.0
numeric__missingindicator_PREV_APPROVED_COUNT,PREV_APPROVED_COUNT,True,0.0,0.0,0,0.0,0.0
numeric__missingindicator_PREV_CASH_LOAN_COUNT,PREV_CASH_LOAN_COUNT,True,0.0,0.0,0,0.0,0.0
numeric__missingindicator_PREV_CANCELED_COUNT,PREV_CANCELED_COUNT,True,0.0,0.0,0,0.0,0.0
numeric__missingindicator_PREV_CONSUMER_LOAN_COUNT,PREV_CONSUMER_LOAN_COUNT,True,0.0,0.0,0,0.0,0.0
numeric__missingindicator_PREV_CREDIT_MAX,PREV_CREDIT_MAX,True,0.0,0.0,0,0.0,0.0
numeric__missingindicator_PREV_CREDIT_MEAN,PREV_CREDIT_MEAN,True,0.0,0.0,0,0.0,0.0
numeric__missingindicator_PREV_CREDIT_SUM,PREV_CREDIT_SUM,True,0.0,0.0,0,0.0,0.0
